id,valor_total_avaluo
3,250000000.14
4,250000000.14
6,250000000.14
8,250000000.14
12,250000000.14
14,250000000.14
18,250000000.14
53,250000000.14
57,250000000.14
61,250000000.14
83,250000000.14
89,250000000.14
91,250000000.14
97,250000000.14
104,250000000.14
113,250000000.14
117,250000000.14
120,250000000.14
122,250000000.14
126,250000000.14
132,250000000.14
136,250000000.14
146,250000000.14
147,250000000.14
149,250000000.14
150,250000000.14
157,250000000.14
159,250000000.14
165,250000000.14
168,250000000.14
169,250000000.14
173,250000000.14
177,250000000.14
179,250000000.14
182,250000000.14
186,250000000.14
192,250000000.14
199,250000000.14
216,250000000.14
220,250000000.14
225,250000000.14
241,250000000.14
244,250000000.14
249,250000000.14
256,250000000.14
262,250000000.14
267,250000000.14
278,250000000.14
284,250000000.14
295,250000000.14
298,250000000.14
304,250000000.14
305,250000000.14
309,250000000.14
310,250000000.14
318,250000000.14
324,250000000.14
325,250000000.14
347,250000000.14
351,250000000.14
354,250000000.14
362,250000000.14
365,250000000.14
370,250000000.14
374,250000000.14
375,250000000.14
385,250000000.14
387,250000000.14
403,250000000.14
412,250000000.14
415,250000000.14
417,250000000.14
429,250000000.14
430,250000000.14
440,250000000.14
443,250000000.14
453,250000000.14
461,250000000.14
484,250000000.14
494,250000000.14
499,250000000.14
510,250000000.14
519,250000000.14
526,250000000.14
527,250000000.14
529,250000000.14
533,250000000.14
536,250000000.14
538,250000000.14
544,250000000.14
549,250000000.14
560,250000000.14
567,250000000.14
574,250000000.14
583,250000000.14
589,250000000.14
591,250000000.14
592,250000000.14
594,250000000.14
596,250000000.14
600,250000000.14
606,250000000.14
616,250000000.14
617,250000000.14
618,250000000.14
622,250000000.14
624,250000000.14
626,250000000.14
630,250000000.14
637,250000000.14
638,250000000.14
645,250000000.14
661,250000000.14
669,250000000.14
692,250000000.14
702,250000000.14
710,250000000.14
714,250000000.14
716,250000000.14
721,250000000.14
723,250000000.14
726,250000000.14
730,250000000.14
732,250000000.14
738,250000000.14
740,250000000.14
746,250000000.14
747,250000000.14
749,250000000.14
753,250000000.14
756,250000000.14
766,250000000.14
774,250000000.14
782,250000000.14
799,250000000.14
818,250000000.14
819,250000000.14
836,250000000.14
839,250000000.14
840,250000000.14
858,250000000.14
859,250000000.14
878,250000000.14
925,250000000.14
933,250000000.14
945,250000000.14
956,250000000.14
969,250000000.14
977,250000000.14
983,250000000.14
996,250000000.14
1002,250000000.14
1016,250000000.14
1022,250000000.14
1032,250000000.14
1034,250000000.14
1040,250000000.14
1044,250000000.14
1046,250000000.14
1065,250000000.14
1066,250000000.14
1070,250000000.14
1077,250000000.14
1078,250000000.14
1084,250000000.14
1089,250000000.14
1092,250000000.14
1093,250000000.14
1094,250000000.14
1117,250000000.14
1118,250000000.14
1134,250000000.14
1146,250000000.14
1154,250000000.14
1163,250000000.14
1168,250000000.14
1169,250000000.14
1181,250000000.14
1185,250000000.14
1186,250000000.14
1191,250000000.14
1195,250000000.14
1199,250000000.14
1206,250000000.14
1212,250000000.14
1215,250000000.14
1230,250000000.14
1236,250000000.14
1237,250000000.14
1239,250000000.14
1240,250000000.14
1241,250000000.14
1252,250000000.14
1255,250000000.14
1265,250000000.14
1270,250000000.14
1272,250000000.14
1274,250000000.14
1275,250000000.14
1309,250000000.14
1314,250000000.14
1324,250000000.14
1328,250000000.14
1331,250000000.14
1339,250000000.14
1342,250000000.14
1347,250000000.14
1352,250000000.14
1356,250000000.14
1360,250000000.14
1368,250000000.14
1384,250000000.14
1385,250000000.14
1399,250000000.14
1405,250000000.14
1418,250000000.14
1435,250000000.14
1438,250000000.14
1445,250000000.14
1454,250000000.14
1457,250000000.14
1463,250000000.14
1468,250000000.14
1475,250000000.14
1499,250000000.14
1501,250000000.14
1504,250000000.14
1508,250000000.14
1512,250000000.14
1520,250000000.14
1521,250000000.14
1522,250000000.14
1529,250000000.14
1530,250000000.14
1538,250000000.14
1558,250000000.14
1559,250000000.14
1564,250000000.14
1591,250000000.14
1594,250000000.14
1595,250000000.14
1596,250000000.14
1599,250000000.14
1608,250000000.14
1614,250000000.14
1615,250000000.14
1623,250000000.14
1626,250000000.14
1627,250000000.14
1628,250000000.14
1643,250000000.14
1655,250000000.14
1657,250000000.14
1658,250000000.14
1660,250000000.14
1667,250000000.14
1672,250000000.14
1680,250000000.14
1684,250000000.14
1693,250000000.14
1695,250000000.14
1698,250000000.14
1701,250000000.14
1702,250000000.14
1740,250000000.14
1747,250000000.14
1753,250000000.14
1758,250000000.14
1760,250000000.14
1763,250000000.14
1769,250000000.14
1773,250000000.14
1779,250000000.14
1781,250000000.14
1785,250000000.14
1787,250000000.14
1790,250000000.14
1791,250000000.14
1795,250000000.14
1809,250000000.14
1813,250000000.14
1824,250000000.14
1828,250000000.14
1841,250000000.14
1845,250000000.14
1848,250000000.14
1849,250000000.14
1850,250000000.14
1861,250000000.14
1871,250000000.14
1880,250000000.14
1889,250000000.14
1890,250000000.14
1897,250000000.14
1907,250000000.14
1910,250000000.14
1912,250000000.14
1914,250000000.14
1917,250000000.14
1919,250000000.14
1921,250000000.14
1925,250000000.14
1928,250000000.14
1932,250000000.14
1950,250000000.14
1955,250000000.14
1965,250000000.14
1970,250000000.14
1978,250000000.14
1991,250000000.14
1993,250000000.14
1996,250000000.14
2001,250000000.14
2010,250000000.14
2032,250000000.14
2038,250000000.14
2041,250000000.14
2042,250000000.14
2046,250000000.14
2048,250000000.14
2058,250000000.14
2059,250000000.14
2069,250000000.14
2071,250000000.14
2081,250000000.14
2089,250000000.14
2092,250000000.14
2094,250000000.14
2108,250000000.14
2109,250000000.14
2110,250000000.14
2111,250000000.14
2112,250000000.14
2117,250000000.14
2118,250000000.14
2121,250000000.14
2123,250000000.14
2125,250000000.14
2133,250000000.14
2135,250000000.14
2168,250000000.14
2170,250000000.14
2175,250000000.14
2190,250000000.14
2193,250000000.14
2194,250000000.14
2203,250000000.14
2204,250000000.14
2211,250000000.14
2221,250000000.14
2222,250000000.14
2230,250000000.14
2238,250000000.14
2252,250000000.14
2255,250000000.14
2264,250000000.14
2275,250000000.14
2289,250000000.14
2293,250000000.14
2298,250000000.14
2310,250000000.14
2311,250000000.14
2312,250000000.14
2313,250000000.14
2320,250000000.14
2323,250000000.14
2326,250000000.14
2336,250000000.14
2355,250000000.14
2357,250000000.14
2359,250000000.14
2368,250000000.14
2369,250000000.14
2371,250000000.14
2378,250000000.14
2379,250000000.14
2380,250000000.14
2386,250000000.14
2389,250000000.14
2392,250000000.14
2400,250000000.14
2403,250000000.14
2405,250000000.14
2421,250000000.14
2422,250000000.14
2423,250000000.14
2427,250000000.14
2428,250000000.14
2430,250000000.14
2431,250000000.14
2441,250000000.14
2448,250000000.14
2450,250000000.14
2455,250000000.14
2473,250000000.14
2479,250000000.14
2483,250000000.14
2489,250000000.14
2491,250000000.14
2493,250000000.14
2504,250000000.14
2507,250000000.14
2543,250000000.14
2558,250000000.14
2564,250000000.14
2570,250000000.14
2584,250000000.14
2585,250000000.14
2587,250000000.14
2588,250000000.14
2590,250000000.14
2599,250000000.14
2600,250000000.14
2612,250000000.14
2617,250000000.14
2619,250000000.14
2624,250000000.14
2632,250000000.14
2635,250000000.14
2639,250000000.14
2645,250000000.14
2646,250000000.14
2651,250000000.14
2653,250000000.14
2658,250000000.14
2665,250000000.14
2666,250000000.14
2669,250000000.14
2670,250000000.14
2676,250000000.14
2678,250000000.14
2685,250000000.14
2689,250000000.14
2690,250000000.14
2698,250000000.14
2703,250000000.14
2715,250000000.14
2719,250000000.14
2731,250000000.14
2735,250000000.14
2745,250000000.14
2748,250000000.14
2758,250000000.14
2761,250000000.14
2763,250000000.14
2769,250000000.14
2775,250000000.14
2778,250000000.14
2783,250000000.14
2790,250000000.14
2795,250000000.14
2797,250000000.14
2801,250000000.14
2805,250000000.14
2806,250000000.14
2816,250000000.14
2817,250000000.14
2818,250000000.14
2819,250000000.14
2822,250000000.14
2830,250000000.14
2845,250000000.14
2851,250000000.14
2859,250000000.14
2868,250000000.14
2871,250000000.14
2880,250000000.14
2886,250000000.14
2887,250000000.14
2895,250000000.14
2896,250000000.14
2926,250000000.14
2931,250000000.14
2934,250000000.14
2952,250000000.14
2955,250000000.14
2961,250000000.14
2976,250000000.14
2978,250000000.14
2980,250000000.14
2981,250000000.14
2993,250000000.14
2999,250000000.14
3004,250000000.14
3005,250000000.14
3007,250000000.14
3014,250000000.14
3018,250000000.14
3022,250000000.14
3023,250000000.14
3024,250000000.14
3033,250000000.14
3036,250000000.14
3041,250000000.14
3042,250000000.14
3047,250000000.14
3052,250000000.14
3055,250000000.14
3057,250000000.14
3063,250000000.14
3066,250000000.14
3071,250000000.14
3087,250000000.14
3094,250000000.14
3109,250000000.14
3113,250000000.14
3123,250000000.14
3124,250000000.14
3125,250000000.14
3142,250000000.14
3151,250000000.14
3153,250000000.14
3164,250000000.14
3165,250000000.14
3171,250000000.14
3174,250000000.14
3176,250000000.14
3180,250000000.14
3188,250000000.14
3195,250000000.14
3208,250000000.14
3209,250000000.14
3212,250000000.14
3214,250000000.14
3226,250000000.14
3236,250000000.14
3239,250000000.14
3244,250000000.14
3249,250000000.14
3250,250000000.14
3255,250000000.14
3264,250000000.14
3276,250000000.14
3281,250000000.14
3285,250000000.14
3293,250000000.14
3318,250000000.14
3325,250000000.14
3332,250000000.14
3342,250000000.14
3348,250000000.14
3351,250000000.14
3353,250000000.14
3364,250000000.14
3366,250000000.14
3368,250000000.14
3381,250000000.14
3410,250000000.14
3417,250000000.14
3422,250000000.14
3435,250000000.14
3438,250000000.14
3443,250000000.14
3445,250000000.14
3452,250000000.14
3453,250000000.14
3459,250000000.14
3463,250000000.14
3465,250000000.14
3469,250000000.14
3470,250000000.14
3489,250000000.14
3492,250000000.14
3494,250000000.14
3500,250000000.14
3512,250000000.14
3524,250000000.14
3535,250000000.14
3538,250000000.14
3552,250000000.14
3555,250000000.14
3560,250000000.14
3562,250000000.14
3565,250000000.14
3566,250000000.14
3568,250000000.14
3569,250000000.14
3578,250000000.14
3584,250000000.14
3585,250000000.14
3587,250000000.14
3594,250000000.14
3599,250000000.14
3602,250000000.14
3605,250000000.14
3606,250000000.14
3608,250000000.14
3610,250000000.14
3630,250000000.14
3638,250000000.14
3645,250000000.14
3646,250000000.14
3650,250000000.14
3660,250000000.14
3662,250000000.14
3665,250000000.14
3668,250000000.14
3673,250000000.14
3677,250000000.14
3690,250000000.14
3691,250000000.14
3698,250000000.14
3744,250000000.14
3748,250000000.14
3749,250000000.14
3756,250000000.14
3760,250000000.14
3778,250000000.14
3786,250000000.14
3791,250000000.14
3803,250000000.14
3804,250000000.14
3812,250000000.14
3818,250000000.14
3821,250000000.14
3829,250000000.14
3832,250000000.14
3833,250000000.14
3835,250000000.14
3845,250000000.14
3863,250000000.14
3864,250000000.14
3867,250000000.14
3868,250000000.14
3873,250000000.14
3880,250000000.14
3884,250000000.14
3904,250000000.14
3908,250000000.14
3911,250000000.14
3913,250000000.14
3919,250000000.14
3923,250000000.14
3925,250000000.14
3933,250000000.14
3936,250000000.14
3940,250000000.14
3943,250000000.14
3963,250000000.14
3964,250000000.14
3966,250000000.14
3970,250000000.14
3977,250000000.14
3978,250000000.14
3985,250000000.14
3986,250000000.14
3988,250000000.14
3998,250000000.14
4007,250000000.14
4012,250000000.14
4016,250000000.14
4024,250000000.14
4026,250000000.14
4031,250000000.14
4036,250000000.14
4040,250000000.14
4049,250000000.14
4052,250000000.14
4059,250000000.14
4060,250000000.14
4064,250000000.14
4074,250000000.14
4091,250000000.14
4098,250000000.14
4102,250000000.14
4105,250000000.14
4121,250000000.14
4131,250000000.14
4133,250000000.14
4135,250000000.14
4148,250000000.14
4149,250000000.14
4159,250000000.14
4163,250000000.14
4168,250000000.14
4170,250000000.14
4176,250000000.14
4197,250000000.14
4198,250000000.14
4199,250000000.14
4201,250000000.14
4206,250000000.14
4220,250000000.14
4221,250000000.14
4225,250000000.14
4226,250000000.14
4232,250000000.14
4233,250000000.14
4242,250000000.14
4248,250000000.14
4249,250000000.14
4252,250000000.14
4253,250000000.14
4261,250000000.14
4266,250000000.14
4267,250000000.14
4275,250000000.14
4283,250000000.14
4286,250000000.14
4295,250000000.14
4300,250000000.14
4303,250000000.14
4306,250000000.14
4308,250000000.14
4313,250000000.14
4314,250000000.14
4326,250000000.14
4342,250000000.14
4345,250000000.14
4355,250000000.14
4357,250000000.14
4359,250000000.14
4367,250000000.14
4369,250000000.14
4371,250000000.14
4372,250000000.14
4379,250000000.14
4380,250000000.14
4384,250000000.14
4385,250000000.14
4390,250000000.14
4392,250000000.14
4394,250000000.14
4397,250000000.14
4398,250000000.14
4403,250000000.14
4407,250000000.14
4412,250000000.14
4416,250000000.14
4422,250000000.14
4428,250000000.14
4432,250000000.14
4434,250000000.14
4437,250000000.14
4438,250000000.14
4441,250000000.14
4448,250000000.14
4458,250000000.14
4459,250000000.14
4466,250000000.14
4471,250000000.14
4484,250000000.14
4489,250000000.14
4492,250000000.14
4497,250000000.14
4501,250000000.14
4504,250000000.14
4505,250000000.14
4512,250000000.14
4513,250000000.14
4514,250000000.14
4517,250000000.14
4520,250000000.14
4524,250000000.14
4528,250000000.14
4541,250000000.14
4542,250000000.14
4546,250000000.14
4552,250000000.14
4568,250000000.14
4585,250000000.14
4589,250000000.14
4591,250000000.14
4592,250000000.14
4602,250000000.14
4603,250000000.14
4607,250000000.14
4612,250000000.14
4615,250000000.14
4617,250000000.14
4618,250000000.14
4619,250000000.14
4629,250000000.14
4634,250000000.14
4641,250000000.14
4645,250000000.14
4653,250000000.14
4654,250000000.14
4668,250000000.14
4674,250000000.14
4677,250000000.14
4680,250000000.14
4684,250000000.14
4686,250000000.14
4693,250000000.14
4695,250000000.14
4698,250000000.14
4699,250000000.14
4709,250000000.14
4711,250000000.14
4726,250000000.14
4733,250000000.14
4734,250000000.14
4737,250000000.14
4738,250000000.14
4745,250000000.14
4748,250000000.14
4749,250000000.14
4754,250000000.14
4761,250000000.14
4768,250000000.14
4778,250000000.14
4779,250000000.14
4792,250000000.14
4796,250000000.14
4799,250000000.14
4818,250000000.14
4826,250000000.14
4827,250000000.14
4830,250000000.14
4835,250000000.14
4837,250000000.14
4846,250000000.14
4847,250000000.14
4849,250000000.14
4870,250000000.14
4872,250000000.14
4881,250000000.14
4902,250000000.14
4915,250000000.14
4918,250000000.14
4941,250000000.14
4942,250000000.14
4955,250000000.14
4959,250000000.14
4960,250000000.14
4976,250000000.14
4978,250000000.14
4983,250000000.14
4986,250000000.14
4987,250000000.14
4996,250000000.14
4999,250000000.14
5001,250000000.14
5002,250000000.14
5025,250000000.14
5032,250000000.14
5036,250000000.14
5037,250000000.14
5047,250000000.14
5052,250000000.14
5054,250000000.14
5061,250000000.14
5063,250000000.14
5070,250000000.14
5077,250000000.14
5081,250000000.14
5085,250000000.14
5088,250000000.14
5097,250000000.14
5098,250000000.14
5109,250000000.14
5110,250000000.14
5119,250000000.14
5125,250000000.14
5129,250000000.14
5133,250000000.14
5141,250000000.14
5150,250000000.14
5156,250000000.14
5162,250000000.14
5174,250000000.14
5177,250000000.14
5179,250000000.14
5181,250000000.14
5188,250000000.14
5189,250000000.14
5197,250000000.14
5202,250000000.14
5203,250000000.14
5207,250000000.14
5214,250000000.14
5216,250000000.14
5221,250000000.14
5228,250000000.14
5231,250000000.14
5235,250000000.14
5236,250000000.14
5237,250000000.14
5249,250000000.14
5262,250000000.14
5266,250000000.14
5277,250000000.14
5281,250000000.14
5284,250000000.14
5287,250000000.14
5290,250000000.14
5299,250000000.14
5317,250000000.14
5318,250000000.14
5324,250000000.14
5330,250000000.14
5355,250000000.14
5372,250000000.14
5378,250000000.14
5385,250000000.14
5392,250000000.14
5401,250000000.14
5408,250000000.14
5409,250000000.14
5413,250000000.14
5416,250000000.14
5417,250000000.14
5418,250000000.14
5421,250000000.14
5428,250000000.14
5430,250000000.14
5432,250000000.14
5436,250000000.14
5437,250000000.14
5458,250000000.14
5466,250000000.14
5472,250000000.14
5482,250000000.14
5496,250000000.14
5502,250000000.14
5515,250000000.14
5517,250000000.14
5520,250000000.14
5521,250000000.14
5531,250000000.14
5540,250000000.14
5545,250000000.14
5546,250000000.14
5548,250000000.14
5553,250000000.14
5555,250000000.14
5560,250000000.14
5561,250000000.14
5563,250000000.14
5566,250000000.14
5570,250000000.14
5571,250000000.14
5585,250000000.14
5590,250000000.14
5592,250000000.14
5609,250000000.14
5611,250000000.14
5614,250000000.14
5624,250000000.14
5627,250000000.14
5633,250000000.14
5643,250000000.14
5650,250000000.14
5651,250000000.14
5669,250000000.14
5682,250000000.14
5684,250000000.14
5691,250000000.14
5693,250000000.14
5698,250000000.14
5707,250000000.14
5712,250000000.14
5716,250000000.14
5720,250000000.14
5725,250000000.14
5726,250000000.14
5731,250000000.14
5735,250000000.14
5737,250000000.14
5740,250000000.14
5741,250000000.14
5746,250000000.14
5751,250000000.14
5755,250000000.14
5761,250000000.14
5765,250000000.14
5769,250000000.14
5771,250000000.14
5779,250000000.14
5782,250000000.14
5785,250000000.14
5794,250000000.14
5795,250000000.14
5796,250000000.14
5807,250000000.14
5809,250000000.14
5813,250000000.14
5814,250000000.14
5818,250000000.14
5831,250000000.14
5834,250000000.14
5835,250000000.14
5845,250000000.14
5847,250000000.14
5852,250000000.14
5870,250000000.14
5871,250000000.14
5875,250000000.14
5880,250000000.14
5883,250000000.14
5888,250000000.14
5891,250000000.14
5893,250000000.14
5910,250000000.14
5925,250000000.14
5926,250000000.14
5931,250000000.14
5935,250000000.14
5948,250000000.14
5951,250000000.14
5956,250000000.14
5960,250000000.14
5961,250000000.14
5963,250000000.14
5978,250000000.14
5979,250000000.14
5990,250000000.14
5996,250000000.14
6010,250000000.14
6012,250000000.14
6015,250000000.14
6019,250000000.14
6023,250000000.14
6030,250000000.14
6031,250000000.14
6032,250000000.14
6035,250000000.14
6037,250000000.14
6043,250000000.14
6045,250000000.14
6046,250000000.14
6051,250000000.14
6052,250000000.14
6065,250000000.14
6067,250000000.14
6074,250000000.14
6081,250000000.14
6082,250000000.14
6085,250000000.14
6086,250000000.14
6106,250000000.14
6142,250000000.14
6145,250000000.14
6154,250000000.14
6168,250000000.14
6171,250000000.14
6172,250000000.14
6179,250000000.14
6181,250000000.14
6184,250000000.14
6185,250000000.14
6191,250000000.14
6193,250000000.14
6197,250000000.14
6199,250000000.14
6201,250000000.14
6202,250000000.14
6206,250000000.14
6208,250000000.14
6214,250000000.14
6221,250000000.14
6224,250000000.14
6228,250000000.14
6236,250000000.14
6274,250000000.14
6276,250000000.14
6283,250000000.14
6286,250000000.14
6301,250000000.14
6307,250000000.14
6324,250000000.14
6326,250000000.14
6329,250000000.14
6340,250000000.14
6343,250000000.14
6356,250000000.14
6359,250000000.14
6360,250000000.14
6361,250000000.14
6369,250000000.14
6371,250000000.14
6372,250000000.14
6385,250000000.14
6386,250000000.14
6388,250000000.14
6389,250000000.14
6394,250000000.14
6397,250000000.14
6398,250000000.14
6403,250000000.14
6411,250000000.14
6412,250000000.14
6413,250000000.14
6429,250000000.14
6434,250000000.14
6437,250000000.14
6446,250000000.14
6453,250000000.14
6455,250000000.14
6458,250000000.14
6459,250000000.14
6461,250000000.14
6463,250000000.14
6476,250000000.14
6481,250000000.14
6504,250000000.14
6511,250000000.14
6521,250000000.14
6527,250000000.14
6543,250000000.14
6547,250000000.14
6550,250000000.14
6551,250000000.14
6557,250000000.14
6559,250000000.14
6566,250000000.14
6571,250000000.14
6573,250000000.14
6575,250000000.14
6580,250000000.14
6583,250000000.14
6589,250000000.14
6597,250000000.14
6605,250000000.14
6613,250000000.14
6621,250000000.14
6630,250000000.14
6631,250000000.14
6633,250000000.14
6634,250000000.14
6635,250000000.14
6636,250000000.14
6642,250000000.14
6646,250000000.14
6649,250000000.14
6658,250000000.14
6660,250000000.14
6665,250000000.14
6668,250000000.14
6683,250000000.14
6696,250000000.14
6698,250000000.14
6699,250000000.14
6715,250000000.14
6721,250000000.14
6727,250000000.14
6732,250000000.14
6743,250000000.14
6747,250000000.14
6749,250000000.14
6759,250000000.14
6765,250000000.14
6771,250000000.14
6772,250000000.14
6775,250000000.14
6786,250000000.14
6788,250000000.14
6795,250000000.14
6801,250000000.14
6807,250000000.14
6808,250000000.14
6815,250000000.14
6821,250000000.14
6829,250000000.14
6836,250000000.14
6839,250000000.14
6846,250000000.14
6854,250000000.14
6866,250000000.14
6870,250000000.14
6873,250000000.14
6875,250000000.14
6878,250000000.14
6888,250000000.14
6891,250000000.14
6895,250000000.14
6902,250000000.14
6908,250000000.14
6912,250000000.14
6914,250000000.14
6919,250000000.14
6942,250000000.14
6945,250000000.14
6960,250000000.14
6967,250000000.14
6969,250000000.14
6977,250000000.14
6984,250000000.14
6988,250000000.14
6992,250000000.14
6993,250000000.14
6994,250000000.14
6998,250000000.14
7008,250000000.14
7014,250000000.14
7016,250000000.14
7022,250000000.14
7033,250000000.14
7040,250000000.14
7041,250000000.14
7055,250000000.14
7065,250000000.14
7074,250000000.14
7076,250000000.14
7078,250000000.14
7081,250000000.14
7085,250000000.14
7090,250000000.14
7091,250000000.14
7095,250000000.14
7101,250000000.14
7106,250000000.14
7109,250000000.14
7112,250000000.14
7118,250000000.14
7131,250000000.14
7142,250000000.14
7159,250000000.14
7169,250000000.14
7175,250000000.14
7182,250000000.14
7183,250000000.14
7187,250000000.14
7189,250000000.14
7202,250000000.14
7203,250000000.14
7227,250000000.14
7236,250000000.14
7239,250000000.14
7244,250000000.14
7252,250000000.14
7255,250000000.14
7257,250000000.14
7258,250000000.14
7275,250000000.14
7277,250000000.14
7279,250000000.14
7300,250000000.14
7302,250000000.14
7310,250000000.14
7339,250000000.14
7345,250000000.14
7352,250000000.14
7353,250000000.14
7357,250000000.14
7374,250000000.14
7385,250000000.14
7394,250000000.14
7395,250000000.14
7396,250000000.14
7404,250000000.14
7405,250000000.14
7408,250000000.14
7411,250000000.14
7413,250000000.14
7429,250000000.14
7435,250000000.14
7437,250000000.14
7444,250000000.14
7445,250000000.14
7449,250000000.14
7454,250000000.14
7464,250000000.14
7478,250000000.14
7482,250000000.14
7484,250000000.14
7485,250000000.14
7488,250000000.14
7491,250000000.14
7493,250000000.14
7496,250000000.14
7500,250000000.14
7501,250000000.14
7520,250000000.14
7522,250000000.14
7529,250000000.14
7536,250000000.14
7541,250000000.14
7555,250000000.14
7558,250000000.14
7560,250000000.14
7564,250000000.14
7565,250000000.14
7568,250000000.14
7574,250000000.14
7577,250000000.14
7582,250000000.14
7586,250000000.14
7595,250000000.14
7602,250000000.14
7603,250000000.14
7607,250000000.14
7614,250000000.14
7633,250000000.14
7645,250000000.14
7648,250000000.14
7650,250000000.14
7658,250000000.14
7661,250000000.14
7673,250000000.14
7687,250000000.14
7692,250000000.14
7701,250000000.14
7706,250000000.14
7710,250000000.14
7713,250000000.14
7734,250000000.14
7736,250000000.14
7740,250000000.14
7741,250000000.14
7742,250000000.14
7745,250000000.14
7748,250000000.14
7762,250000000.14
7763,250000000.14
7776,250000000.14
7791,250000000.14
7797,250000000.14
7806,250000000.14
7821,250000000.14
7827,250000000.14
7830,250000000.14
7838,250000000.14
7839,250000000.14
7840,250000000.14
7849,250000000.14
7850,250000000.14
7851,250000000.14
7852,250000000.14
7855,250000000.14
7871,250000000.14
7872,250000000.14
7875,250000000.14
7879,250000000.14
7883,250000000.14
7884,250000000.14
7890,250000000.14
7900,250000000.14
7901,250000000.14
7903,250000000.14
7910,250000000.14
7914,250000000.14
7918,250000000.14
7921,250000000.14
7929,250000000.14
7932,250000000.14
7938,250000000.14
7940,250000000.14
7943,250000000.14
7944,250000000.14
7946,250000000.14
7947,250000000.14
7954,250000000.14
7958,250000000.14
7964,250000000.14
7965,250000000.14
7967,250000000.14
7976,250000000.14
7982,250000000.14
8001,250000000.14
8008,250000000.14
8024,250000000.14
8034,250000000.14
8042,250000000.14
8043,250000000.14
8068,250000000.14
8071,250000000.14
8073,250000000.14
8077,250000000.14
8084,250000000.14
8088,250000000.14
8089,250000000.14
8090,250000000.14
8092,250000000.14
8095,250000000.14
8101,250000000.14
8102,250000000.14
8104,250000000.14
8108,250000000.14
8119,250000000.14
8140,250000000.14
8143,250000000.14
8145,250000000.14
8149,250000000.14
8150,250000000.14
8178,250000000.14
8189,250000000.14
8198,250000000.14
8200,250000000.14
8208,250000000.14
8209,250000000.14
8218,250000000.14
8229,250000000.14
8232,250000000.14
8234,250000000.14
8244,250000000.14
8251,250000000.14
8253,250000000.14
8258,250000000.14
8261,250000000.14
8270,250000000.14
8276,250000000.14
8280,250000000.14
8281,250000000.14
8284,250000000.14
8290,250000000.14
8295,250000000.14
8298,250000000.14
8302,250000000.14
8311,250000000.14
8312,250000000.14
8317,250000000.14
8318,250000000.14
8326,250000000.14
8329,250000000.14
8337,250000000.14
8350,250000000.14
8352,250000000.14
8353,250000000.14
8364,250000000.14
8366,250000000.14
8369,250000000.14
8373,250000000.14
8374,250000000.14
8381,250000000.14
8387,250000000.14
8391,250000000.14
8399,250000000.14
8402,250000000.14
8406,250000000.14
8412,250000000.14
8422,250000000.14
8426,250000000.14
8427,250000000.14
8431,250000000.14
8437,250000000.14
8445,250000000.14
8451,250000000.14
8464,250000000.14
8466,250000000.14
8467,250000000.14
8473,250000000.14
8506,250000000.14
8520,250000000.14
8524,250000000.14
8525,250000000.14
8536,250000000.14
8540,250000000.14
8546,250000000.14
8549,250000000.14
8552,250000000.14
8562,250000000.14
8563,250000000.14
8564,250000000.14
8566,250000000.14
8573,250000000.14
8576,250000000.14
8580,250000000.14
8587,250000000.14
8599,250000000.14
8608,250000000.14
8612,250000000.14
8616,250000000.14
8622,250000000.14
8641,250000000.14
8646,250000000.14
8647,250000000.14
8648,250000000.14
8649,250000000.14
8657,250000000.14
8664,250000000.14
8668,250000000.14
8669,250000000.14
8676,250000000.14
8681,250000000.14
8686,250000000.14
8695,250000000.14
8703,250000000.14
8704,250000000.14
8710,250000000.14
8712,250000000.14
8717,250000000.14
8725,250000000.14
8739,250000000.14
8744,250000000.14
8754,250000000.14
8770,250000000.14
8773,250000000.14
8776,250000000.14
8781,250000000.14
8782,250000000.14
8783,250000000.14
8787,250000000.14
8788,250000000.14
8798,250000000.14
8801,250000000.14
8805,250000000.14
8807,250000000.14
8808,250000000.14
8810,250000000.14
8813,250000000.14
8834,250000000.14
8853,250000000.14
8861,250000000.14
8884,250000000.14
8890,250000000.14
8899,250000000.14
8900,250000000.14
8912,250000000.14
8914,250000000.14
8927,250000000.14
8930,250000000.14
8937,250000000.14
8939,250000000.14
8940,250000000.14
8942,250000000.14
8955,250000000.14
8961,250000000.14
8969,250000000.14
8970,250000000.14
8973,250000000.14
8977,250000000.14
8979,250000000.14
9000,250000000.14
9002,250000000.14
9009,250000000.14
9017,250000000.14
9031,250000000.14
9040,250000000.14
9049,250000000.14
9050,250000000.14
9051,250000000.14
9073,250000000.14
9074,250000000.14
9077,250000000.14
9082,250000000.14
9084,250000000.14
9089,250000000.14
9096,250000000.14
9097,250000000.14
9111,250000000.14
9116,250000000.14
9132,250000000.14
9141,250000000.14
9143,250000000.14
9146,250000000.14
9150,250000000.14
9151,250000000.14
9154,250000000.14
9159,250000000.14
9162,250000000.14
9181,250000000.14
9187,250000000.14
9189,250000000.14
9190,250000000.14
9192,250000000.14
9194,250000000.14
9199,250000000.14
9200,250000000.14
9205,250000000.14
9206,250000000.14
9212,250000000.14
9213,250000000.14
9218,250000000.14
9225,250000000.14
9230,250000000.14
9240,250000000.14
9241,250000000.14
9248,250000000.14
9249,250000000.14
9255,250000000.14
9262,250000000.14
9264,250000000.14
9266,250000000.14
9267,250000000.14
9270,250000000.14
9294,250000000.14
9303,250000000.14
9306,250000000.14
9308,250000000.14
9317,250000000.14
9326,250000000.14
9348,250000000.14
9353,250000000.14
9367,250000000.14
9369,250000000.14
9372,250000000.14
9376,250000000.14
9381,250000000.14
9392,250000000.14
9394,250000000.14
9399,250000000.14
9406,250000000.14
9408,250000000.14
9413,250000000.14
9419,250000000.14
9420,250000000.14
9421,250000000.14
9426,250000000.14
9428,250000000.14
9433,250000000.14
9436,250000000.14
9440,250000000.14
9443,250000000.14
9446,250000000.14
9451,250000000.14
9459,250000000.14
9466,250000000.14
9467,250000000.14
9470,250000000.14
9473,250000000.14
9478,250000000.14
9479,250000000.14
9493,250000000.14
9498,250000000.14
9508,250000000.14
9511,250000000.14
9516,250000000.14
9521,250000000.14
9524,250000000.14
9527,250000000.14
9529,250000000.14
9530,250000000.14
9534,250000000.14
9535,250000000.14
9545,250000000.14
9546,250000000.14
9555,250000000.14
9559,250000000.14
9564,250000000.14
9566,250000000.14
9569,250000000.14
9587,250000000.14
9591,250000000.14
9602,250000000.14
9604,250000000.14
9606,250000000.14
9610,250000000.14
9612,250000000.14
9614,250000000.14
9618,250000000.14
9621,250000000.14
9626,250000000.14
9633,250000000.14
9635,250000000.14
9637,250000000.14
9652,250000000.14
9657,250000000.14
9664,250000000.14
9668,250000000.14
9670,250000000.14
9680,250000000.14
9683,250000000.14
9686,250000000.14
9687,250000000.14
9689,250000000.14
9690,250000000.14
9694,250000000.14
9709,250000000.14
9711,250000000.14
9718,250000000.14
9723,250000000.14
9724,250000000.14
9725,250000000.14
9727,250000000.14
9737,250000000.14
9740,250000000.14
9743,250000000.14
9744,250000000.14
9746,250000000.14
9748,250000000.14
9761,250000000.14
9762,250000000.14
9766,250000000.14
9767,250000000.14
9771,250000000.14
9778,250000000.14
9787,250000000.14
9789,250000000.14
9799,250000000.14
9807,250000000.14
9808,250000000.14
9816,250000000.14
9822,250000000.14
9823,250000000.14
9831,250000000.14
9833,250000000.14
9838,250000000.14
9841,250000000.14
9842,250000000.14
9843,250000000.14
9849,250000000.14
9850,250000000.14
9854,250000000.14
9855,250000000.14
9864,250000000.14
9883,250000000.14
9901,250000000.14
9903,250000000.14
9904,250000000.14
9910,250000000.14
9915,250000000.14
9917,250000000.14
9923,250000000.14
9928,250000000.14
9934,250000000.14
9943,250000000.14
9946,250000000.14
9949,250000000.14
9955,250000000.14
9956,250000000.14
9959,250000000.14
9960,250000000.14
9969,250000000.14
9974,250000000.14
9980,250000000.14
9991,250000000.14
9994,250000000.14
10001,250000000.14
10004,250000000.14
10014,250000000.14
10022,250000000.14
10027,250000000.14
10028,250000000.14
10029,250000000.14
10043,250000000.14
10048,250000000.14
10054,250000000.14
10056,250000000.14
10063,250000000.14
10067,250000000.14
10075,250000000.14
10081,250000000.14
10085,250000000.14
10099,250000000.14
10101,250000000.14
10107,250000000.14
10110,250000000.14
10111,250000000.14
10121,250000000.14
10123,250000000.14
10125,250000000.14
10127,250000000.14
10131,250000000.14
10144,250000000.14
10146,250000000.14
10150,250000000.14
10166,250000000.14
10170,250000000.14
10175,250000000.14
10178,250000000.14
10184,250000000.14
10196,250000000.14
10197,250000000.14
10200,250000000.14
10204,250000000.14
10211,250000000.14
10218,250000000.14
10239,250000000.14
10241,250000000.14
10246,250000000.14
10247,250000000.14
10249,250000000.14
10255,250000000.14
10266,250000000.14
10267,250000000.14
10278,250000000.14
10282,250000000.14
10286,250000000.14
10289,250000000.14
10290,250000000.14
10307,250000000.14
10308,250000000.14
10335,250000000.14
10347,250000000.14
10354,250000000.14
10357,250000000.14
10360,250000000.14
10368,250000000.14
10383,250000000.14
10384,250000000.14
10391,250000000.14
10397,250000000.14
10403,250000000.14
10406,250000000.14
10420,250000000.14
10426,250000000.14
10427,250000000.14
10430,250000000.14
10440,250000000.14
10445,250000000.14
10454,250000000.14
10459,250000000.14
10467,250000000.14
10468,250000000.14
10486,250000000.14
10487,250000000.14
10490,250000000.14
10500,250000000.14
10501,250000000.14
10508,250000000.14
10509,250000000.14
10515,250000000.14
10530,250000000.14
10531,250000000.14
10557,250000000.14
10559,250000000.14
10569,250000000.14
10572,250000000.14
10573,250000000.14
10578,250000000.14
10579,250000000.14
10603,250000000.14
10605,250000000.14
10609,250000000.14
10610,250000000.14
10611,250000000.14
10616,250000000.14
10617,250000000.14
10624,250000000.14
10639,250000000.14
10641,250000000.14
10642,250000000.14
10645,250000000.14
10656,250000000.14
10665,250000000.14
10666,250000000.14
10673,250000000.14
10675,250000000.14
10677,250000000.14
10680,250000000.14
10684,250000000.14
10689,250000000.14
10703,250000000.14
10710,250000000.14
10711,250000000.14
10726,250000000.14
10727,250000000.14
10729,250000000.14
10730,250000000.14
10738,250000000.14
10751,250000000.14
10753,250000000.14
10762,250000000.14
10763,250000000.14
10765,250000000.14
10774,250000000.14
10776,250000000.14
10791,250000000.14
10792,250000000.14
10799,250000000.14
10822,250000000.14
10824,250000000.14
10830,250000000.14
10831,250000000.14
10834,250000000.14
10836,250000000.14
10837,250000000.14
10859,250000000.14
10867,250000000.14
10870,250000000.14
10877,250000000.14
10882,250000000.14
10883,250000000.14
10888,250000000.14
10902,250000000.14
10903,250000000.14
10904,250000000.14
10908,250000000.14
10912,250000000.14
10914,250000000.14
10917,250000000.14
10918,250000000.14
10922,250000000.14
10937,250000000.14
10951,250000000.14
10963,250000000.14
10964,250000000.14
10966,250000000.14
10969,250000000.14
10972,250000000.14
10977,250000000.14
10983,250000000.14
10994,250000000.14
11004,250000000.14
11007,250000000.14
11008,250000000.14
11009,250000000.14
11010,250000000.14
11013,250000000.14
11015,250000000.14
11018,250000000.14
11025,250000000.14
11029,250000000.14
11038,250000000.14
11039,250000000.14
11044,250000000.14
11045,250000000.14
11057,250000000.14
11063,250000000.14
11070,250000000.14
11077,250000000.14
11079,250000000.14
11084,250000000.14
11086,250000000.14
11087,250000000.14
11092,250000000.14
11099,250000000.14
11110,250000000.14
11120,250000000.14
11122,250000000.14
11124,250000000.14
11129,250000000.14
11141,250000000.14
11150,250000000.14
11158,250000000.14
11161,250000000.14
11167,250000000.14
11170,250000000.14
11177,250000000.14
11184,250000000.14
11186,250000000.14
11191,250000000.14
11195,250000000.14
11199,250000000.14
11228,250000000.14
11230,250000000.14
11240,250000000.14
11242,250000000.14
11243,250000000.14
11247,250000000.14
11278,250000000.14
11284,250000000.14
11287,250000000.14
11297,250000000.14
11298,250000000.14
11302,250000000.14
11312,250000000.14
11325,250000000.14
11326,250000000.14
11332,250000000.14
11335,250000000.14
11339,250000000.14
11342,250000000.14
11343,250000000.14
11359,250000000.14
11361,250000000.14
11362,250000000.14
11381,250000000.14
11391,250000000.14
11397,250000000.14
11398,250000000.14
11399,250000000.14
11400,250000000.14
11404,250000000.14
11408,250000000.14
11410,250000000.14
11415,250000000.14
11421,250000000.14
11429,250000000.14
11442,250000000.14
11446,250000000.14
11462,250000000.14
11474,250000000.14
11479,250000000.14
11483,250000000.14
11487,250000000.14
11494,250000000.14
11495,250000000.14
11496,250000000.14
11497,250000000.14
11505,250000000.14
11511,250000000.14
11513,250000000.14
11528,250000000.14
11542,250000000.14
11544,250000000.14
11549,250000000.14
11551,250000000.14
11555,250000000.14
11556,250000000.14
11560,250000000.14
11566,250000000.14
11571,250000000.14
11573,250000000.14
11582,250000000.14
11584,250000000.14
11587,250000000.14
11588,250000000.14
11593,250000000.14
11599,250000000.14
11603,250000000.14
11606,250000000.14
11607,250000000.14
11617,250000000.14
11620,250000000.14
11622,250000000.14
11627,250000000.14
11636,250000000.14
11638,250000000.14
11640,250000000.14
11643,250000000.14
11647,250000000.14
11648,250000000.14
11657,250000000.14
11658,250000000.14
11664,250000000.14
11669,250000000.14
11672,250000000.14
11678,250000000.14
11679,250000000.14
11685,250000000.14
11687,250000000.14
11701,250000000.14
11708,250000000.14
11712,250000000.14
11718,250000000.14
11724,250000000.14
11725,250000000.14
11730,250000000.14
11746,250000000.14
11753,250000000.14
11756,250000000.14
11759,250000000.14
11761,250000000.14
11768,250000000.14
11770,250000000.14
11773,250000000.14
11780,250000000.14
11781,250000000.14
11789,250000000.14
11792,250000000.14
11810,250000000.14
11815,250000000.14
11816,250000000.14
11819,250000000.14
11828,250000000.14
11829,250000000.14
11831,250000000.14
11833,250000000.14
11834,250000000.14
11836,250000000.14
11840,250000000.14
11841,250000000.14
11853,250000000.14
11857,250000000.14
11862,250000000.14
11874,250000000.14
11882,250000000.14
11883,250000000.14
11898,250000000.14
11900,250000000.14
11904,250000000.14
11907,250000000.14
11922,250000000.14
11923,250000000.14
11942,250000000.14
11954,250000000.14
11957,250000000.14
11965,250000000.14
11968,250000000.14
11970,250000000.14
11973,250000000.14
11981,250000000.14
11988,250000000.14
11989,250000000.14
11991,250000000.14
11997,250000000.14
11999,250000000.14
12000,250000000.14
12010,250000000.14
12025,250000000.14
12040,250000000.14
12042,250000000.14
12048,250000000.14
12051,250000000.14
12057,250000000.14
12058,250000000.14
12059,250000000.14
12062,250000000.14
12079,250000000.14
12082,250000000.14
12087,250000000.14
12093,250000000.14
12098,250000000.14
12099,250000000.14
12108,250000000.14
12116,250000000.14
12122,250000000.14
12135,250000000.14
12137,250000000.14
12157,250000000.14
12159,250000000.14
12165,250000000.14
12167,250000000.14
12179,250000000.14
12188,250000000.14
12193,250000000.14
12198,250000000.14
12200,250000000.14
12203,250000000.14
12206,250000000.14
12209,250000000.14
12215,250000000.14
12223,250000000.14
12224,250000000.14
12247,250000000.14
12251,250000000.14
12255,250000000.14
12279,250000000.14
12283,250000000.14
12286,250000000.14
12290,250000000.14
12293,250000000.14
12300,250000000.14
12302,250000000.14
12309,250000000.14
12325,250000000.14
12334,250000000.14
12341,250000000.14
12353,250000000.14
12354,250000000.14
12359,250000000.14
12365,250000000.14
12370,250000000.14
12389,250000000.14
12393,250000000.14
12396,250000000.14
12397,250000000.14
12401,250000000.14
12410,250000000.14
12411,250000000.14
12438,250000000.14
12443,250000000.14
12449,250000000.14
12457,250000000.14
12458,250000000.14
12463,250000000.14
12473,250000000.14
12478,250000000.14
12491,250000000.14
12495,250000000.14
12502,250000000.14
12505,250000000.14
12517,250000000.14
12528,250000000.14
12530,250000000.14
12533,250000000.14
12535,250000000.14
12544,250000000.14
12546,250000000.14
12548,250000000.14
12552,250000000.14
12556,250000000.14
12565,250000000.14
12577,250000000.14
12595,250000000.14
12603,250000000.14
12610,250000000.14
12611,250000000.14
12616,250000000.14
12626,250000000.14
12632,250000000.14
12634,250000000.14
12641,250000000.14
12644,250000000.14
12645,250000000.14
12649,250000000.14
12664,250000000.14
12665,250000000.14
12673,250000000.14
12692,250000000.14
12695,250000000.14
12698,250000000.14
12704,250000000.14
12705,250000000.14
12707,250000000.14
12710,250000000.14
12719,250000000.14
12722,250000000.14
12723,250000000.14
12728,250000000.14
12731,250000000.14
12738,250000000.14
12744,250000000.14
12749,250000000.14
12765,250000000.14
12768,250000000.14
12769,250000000.14
12772,250000000.14
12777,250000000.14
12778,250000000.14
12792,250000000.14
12799,250000000.14
12803,250000000.14
12812,250000000.14
12814,250000000.14
12821,250000000.14
12825,250000000.14
12833,250000000.14
12836,250000000.14
12845,250000000.14
12846,250000000.14
12857,250000000.14
12863,250000000.14
12864,250000000.14
12867,250000000.14
12871,250000000.14
12873,250000000.14
12903,250000000.14
12928,250000000.14
12932,250000000.14
12934,250000000.14
12935,250000000.14
12956,250000000.14
12968,250000000.14
12970,250000000.14
12972,250000000.14
12973,250000000.14
12976,250000000.14
12980,250000000.14
12982,250000000.14
12987,250000000.14
12989,250000000.14
12998,250000000.14
13003,250000000.14
13009,250000000.14
13010,250000000.14
13017,250000000.14
13023,250000000.14
13025,250000000.14
13027,250000000.14
13036,250000000.14
13041,250000000.14
13050,250000000.14
13051,250000000.14
13060,250000000.14
13061,250000000.14
13064,250000000.14
13070,250000000.14
13073,250000000.14
13075,250000000.14
13077,250000000.14
13081,250000000.14
13087,250000000.14
13092,250000000.14
13093,250000000.14
13110,250000000.14
13115,250000000.14
13116,250000000.14
13128,250000000.14
13131,250000000.14
13132,250000000.14
13147,250000000.14
13155,250000000.14
13169,250000000.14
13187,250000000.14
13188,250000000.14
13193,250000000.14
13195,250000000.14
13198,250000000.14
13201,250000000.14
13204,250000000.14
13205,250000000.14
13209,250000000.14
13211,250000000.14
13218,250000000.14
13219,250000000.14
13222,250000000.14
13225,250000000.14
13238,250000000.14
13240,250000000.14
13247,250000000.14
13263,250000000.14
13265,250000000.14
13274,250000000.14
13278,250000000.14
13286,250000000.14
13289,250000000.14
13296,250000000.14
13307,250000000.14
13310,250000000.14
13312,250000000.14
13315,250000000.14
13318,250000000.14
13319,250000000.14
13324,250000000.14
13329,250000000.14
13335,250000000.14
13342,250000000.14
13344,250000000.14
13350,250000000.14
13351,250000000.14
13360,250000000.14
13370,250000000.14
13371,250000000.14
13377,250000000.14
13382,250000000.14
13392,250000000.14
13411,250000000.14
13414,250000000.14
13419,250000000.14
13420,250000000.14
13421,250000000.14
13425,250000000.14
13427,250000000.14
13441,250000000.14
13450,250000000.14
13451,250000000.14
13458,250000000.14
13461,250000000.14
13466,250000000.14
13476,250000000.14
13485,250000000.14
13494,250000000.14
13497,250000000.14
13508,250000000.14
13515,250000000.14
13522,250000000.14
13523,250000000.14
13530,250000000.14
13531,250000000.14
13532,250000000.14
13545,250000000.14
13548,250000000.14
13555,250000000.14
13557,250000000.14
13561,250000000.14
13563,250000000.14
13566,250000000.14
13567,250000000.14
13570,250000000.14
13574,250000000.14
13576,250000000.14
13587,250000000.14
13589,250000000.14
13590,250000000.14
13604,250000000.14
13606,250000000.14
13608,250000000.14
13609,250000000.14
13636,250000000.14
13639,250000000.14
13645,250000000.14
13651,250000000.14
13659,250000000.14
13663,250000000.14
13671,250000000.14
13675,250000000.14
13676,250000000.14
13679,250000000.14
13690,250000000.14
13700,250000000.14
13708,250000000.14
13713,250000000.14
13714,250000000.14
13721,250000000.14
13744,250000000.14
13745,250000000.14
13748,250000000.14
13749,250000000.14
13755,250000000.14
13758,250000000.14
13764,250000000.14
13766,250000000.14
13770,250000000.14
13774,250000000.14
13780,250000000.14
13784,250000000.14
13786,250000000.14
13793,250000000.14
13796,250000000.14
13800,250000000.14
13806,250000000.14
13813,250000000.14
13821,250000000.14
13822,250000000.14
13837,250000000.14
13839,250000000.14
13847,250000000.14
13850,250000000.14
13852,250000000.14
13860,250000000.14
13861,250000000.14
13865,250000000.14
13867,250000000.14
13874,250000000.14
13877,250000000.14
13890,250000000.14
13896,250000000.14
13914,250000000.14
13930,250000000.14
13933,250000000.14
13944,250000000.14
13949,250000000.14
13955,250000000.14
13971,250000000.14
13975,250000000.14
13978,250000000.14
13980,250000000.14
13983,250000000.14
13997,250000000.14
13999,250000000.14
14014,250000000.14
14025,250000000.14
14028,250000000.14
14029,250000000.14
14033,250000000.14
14036,250000000.14
14045,250000000.14
14049,250000000.14
14063,250000000.14
14070,250000000.14
14078,250000000.14
14080,250000000.14
14081,250000000.14
14089,250000000.14
14098,250000000.14
14101,250000000.14
14102,250000000.14
14104,250000000.14
14108,250000000.14
14110,250000000.14
14111,250000000.14
14115,250000000.14
14117,250000000.14
14126,250000000.14
14131,250000000.14
14133,250000000.14
14134,250000000.14
14137,250000000.14
14144,250000000.14
14149,250000000.14
14153,250000000.14
14155,250000000.14
14160,250000000.14
14162,250000000.14
14164,250000000.14
14167,250000000.14
14176,250000000.14
14184,250000000.14
14198,250000000.14
14202,250000000.14
14210,250000000.14
14211,250000000.14
14220,250000000.14
14225,250000000.14
14229,250000000.14
14232,250000000.14
14236,250000000.14
14240,250000000.14
14247,250000000.14
14252,250000000.14
14253,250000000.14
14256,250000000.14
14262,250000000.14
14264,250000000.14
14273,250000000.14
14274,250000000.14
14278,250000000.14
14279,250000000.14
14289,250000000.14
14290,250000000.14
14292,250000000.14
14295,250000000.14
14296,250000000.14
14301,250000000.14
14304,250000000.14
14311,250000000.14
14315,250000000.14
14316,250000000.14
14336,250000000.14
14338,250000000.14
14345,250000000.14
14351,250000000.14
14354,250000000.14
14360,250000000.14
14361,250000000.14
14363,250000000.14
14367,250000000.14
14373,250000000.14
14374,250000000.14
14377,250000000.14
14379,250000000.14
14393,250000000.14
14397,250000000.14
14411,250000000.14
14414,250000000.14
14419,250000000.14
14422,250000000.14
14426,250000000.14
14427,250000000.14
14430,250000000.14
14437,250000000.14
14441,250000000.14
14443,250000000.14
14444,250000000.14
14446,250000000.14
14450,250000000.14
14456,250000000.14
14457,250000000.14
14471,250000000.14
14484,250000000.14
14485,250000000.14
14504,250000000.14
14508,250000000.14
14509,250000000.14
14510,250000000.14
14512,250000000.14
14519,250000000.14
14523,250000000.14
14524,250000000.14
14527,250000000.14
14528,250000000.14
14529,250000000.14
14535,250000000.14
14548,250000000.14
14553,250000000.14
14554,250000000.14
14555,250000000.14
14573,250000000.14
14577,250000000.14
14590,250000000.14
14594,250000000.14
14598,250000000.14
14610,250000000.14
14617,250000000.14
14622,250000000.14
14626,250000000.14
14632,250000000.14
14645,250000000.14
14650,250000000.14
14654,250000000.14
14658,250000000.14
14659,250000000.14
14665,250000000.14
14678,250000000.14
14680,250000000.14
14684,250000000.14
14689,250000000.14
14695,250000000.14
14698,250000000.14
14699,250000000.14
14701,250000000.14
14709,250000000.14
14720,250000000.14
14723,250000000.14
14727,250000000.14
14747,250000000.14
14748,250000000.14
14762,250000000.14
14764,250000000.14
14767,250000000.14
14774,250000000.14
14778,250000000.14
14780,250000000.14
14793,250000000.14
14797,250000000.14
14799,250000000.14
14809,250000000.14
14812,250000000.14
14817,250000000.14
14821,250000000.14
14833,250000000.14
14834,250000000.14
14835,250000000.14
14836,250000000.14
14851,250000000.14
14853,250000000.14
14854,250000000.14
14858,250000000.14
14860,250000000.14
14865,250000000.14
14871,250000000.14
14878,250000000.14
14881,250000000.14
14883,250000000.14
14886,250000000.14
14887,250000000.14
14895,250000000.14
14899,250000000.14
14907,250000000.14
14910,250000000.14
14911,250000000.14
14915,250000000.14
14917,250000000.14
14925,250000000.14
14927,250000000.14
14935,250000000.14
14936,250000000.14
14954,250000000.14
14955,250000000.14
14962,250000000.14
14963,250000000.14
14965,250000000.14
14969,250000000.14
14974,250000000.14
14984,250000000.14
14987,250000000.14
14992,250000000.14
15005,250000000.14
15008,250000000.14
15011,250000000.14
15016,250000000.14
15018,250000000.14
15020,250000000.14
15021,250000000.14
15022,250000000.14
15029,250000000.14
15032,250000000.14
15043,250000000.14
15049,250000000.14
15050,250000000.14
15051,250000000.14
15057,250000000.14
15060,250000000.14
15063,250000000.14
15067,250000000.14
15070,250000000.14
15071,250000000.14
15091,250000000.14
15098,250000000.14
15104,250000000.14
15113,250000000.14
15115,250000000.14
15119,250000000.14
15121,250000000.14
15130,250000000.14
15131,250000000.14
15138,250000000.14
15150,250000000.14
15151,250000000.14
15154,250000000.14
15159,250000000.14
15160,250000000.14
15167,250000000.14
15170,250000000.14
15174,250000000.14
15179,250000000.14
15183,250000000.14
15186,250000000.14
15187,250000000.14
15190,250000000.14
15208,250000000.14
15219,250000000.14
15224,250000000.14
15225,250000000.14
15229,250000000.14
15230,250000000.14
15247,250000000.14
15253,250000000.14
15281,250000000.14
15282,250000000.14
15288,250000000.14
15296,250000000.14
15310,250000000.14
15316,250000000.14
15319,250000000.14
15323,250000000.14
15324,250000000.14
15330,250000000.14
15331,250000000.14
15333,250000000.14
15353,250000000.14
15360,250000000.14
15373,250000000.14
15375,250000000.14
15381,250000000.14
15390,250000000.14
15396,250000000.14
15400,250000000.14
15411,250000000.14
15421,250000000.14
15429,250000000.14
15433,250000000.14
15434,250000000.14
15465,250000000.14
15479,250000000.14
15480,250000000.14
15487,250000000.14
15496,250000000.14
15503,250000000.14
15507,250000000.14
15513,250000000.14
15526,250000000.14
15531,250000000.14
15544,250000000.14
15545,250000000.14
15546,250000000.14
15557,250000000.14
15576,250000000.14
15584,250000000.14
15585,250000000.14
15590,250000000.14
15594,250000000.14
15597,250000000.14
15598,250000000.14
15600,250000000.14
15619,250000000.14
15628,250000000.14
15629,250000000.14
15632,250000000.14
15638,250000000.14
15640,250000000.14
15645,250000000.14
15660,250000000.14
15672,250000000.14
15676,250000000.14
15677,250000000.14
15682,250000000.14
15686,250000000.14
15700,250000000.14
15708,250000000.14
15711,250000000.14
15721,250000000.14
15723,250000000.14
15725,250000000.14
15729,250000000.14
15735,250000000.14
15738,250000000.14
15739,250000000.14
15760,250000000.14
15766,250000000.14
15771,250000000.14
15773,250000000.14
15774,250000000.14
15776,250000000.14
15782,250000000.14
15790,250000000.14
15799,250000000.14
15837,250000000.14
15840,250000000.14
15843,250000000.14
15845,250000000.14
15849,250000000.14
15857,250000000.14
15863,250000000.14
15864,250000000.14
15878,250000000.14
15879,250000000.14
15883,250000000.14
15895,250000000.14
15900,250000000.14
15902,250000000.14
15909,250000000.14
15910,250000000.14
15917,250000000.14
15924,250000000.14
15925,250000000.14
15933,250000000.14
15935,250000000.14
15939,250000000.14
15942,250000000.14
15948,250000000.14
15951,250000000.14
15957,250000000.14
15958,250000000.14
15960,250000000.14
15995,250000000.14
16000,250000000.14
16001,250000000.14
16009,250000000.14
16031,250000000.14
16032,250000000.14
16041,250000000.14
16042,250000000.14
16044,250000000.14
16049,250000000.14
16051,250000000.14
16056,250000000.14
16057,250000000.14
16058,250000000.14
16061,250000000.14
16067,250000000.14
16070,250000000.14
16073,250000000.14
16086,250000000.14
16100,250000000.14
16104,250000000.14
16111,250000000.14
16120,250000000.14
16121,250000000.14
16125,250000000.14
16129,250000000.14
16135,250000000.14
16148,250000000.14
16178,250000000.14
16186,250000000.14
16190,250000000.14
16192,250000000.14
16193,250000000.14
16204,250000000.14
16213,250000000.14
16215,250000000.14
16218,250000000.14
16220,250000000.14
16223,250000000.14
16230,250000000.14
16231,250000000.14
16232,250000000.14
16236,250000000.14
16246,250000000.14
16266,250000000.14
16273,250000000.14
16289,250000000.14
16293,250000000.14
16297,250000000.14
16298,250000000.14
16301,250000000.14
16302,250000000.14
16303,250000000.14
16315,250000000.14
16327,250000000.14
16330,250000000.14
16337,250000000.14
16339,250000000.14
16344,250000000.14
16350,250000000.14
16352,250000000.14
16353,250000000.14
16357,250000000.14
16363,250000000.14
16367,250000000.14
16376,250000000.14
16377,250000000.14
16387,250000000.14
16397,250000000.14
16398,250000000.14
16399,250000000.14
16403,250000000.14
16404,250000000.14
16410,250000000.14
16426,250000000.14
16435,250000000.14
16437,250000000.14
16448,250000000.14
16454,250000000.14
16465,250000000.14
16468,250000000.14
16477,250000000.14
16481,250000000.14
16483,250000000.14
16493,250000000.14
16500,250000000.14
16508,250000000.14
16510,250000000.14
16514,250000000.14
16518,250000000.14
16524,250000000.14
16525,250000000.14
16526,250000000.14
16537,250000000.14
16540,250000000.14
16556,250000000.14
16561,250000000.14
16562,250000000.14
16568,250000000.14
16570,250000000.14
16571,250000000.14
16577,250000000.14
16588,250000000.14
16589,250000000.14
16604,250000000.14
16605,250000000.14
16606,250000000.14
16608,250000000.14
16609,250000000.14
16614,250000000.14
16615,250000000.14
16618,250000000.14
16621,250000000.14
16624,250000000.14
16641,250000000.14
16648,250000000.14
16650,250000000.14
16659,250000000.14
16665,250000000.14
16667,250000000.14
16682,250000000.14
16685,250000000.14
16689,250000000.14
16690,250000000.14
16698,250000000.14
16709,250000000.14
16711,250000000.14
16714,250000000.14
16717,250000000.14
16721,250000000.14
16727,250000000.14
16732,250000000.14
16735,250000000.14
16746,250000000.14
16751,250000000.14
16761,250000000.14
16764,250000000.14
16765,250000000.14
16781,250000000.14
16787,250000000.14
16794,250000000.14
16798,250000000.14
16815,250000000.14
16821,250000000.14
16825,250000000.14
16841,250000000.14
16846,250000000.14
16850,250000000.14
16851,250000000.14
16859,250000000.14
16861,250000000.14
16864,250000000.14
16878,250000000.14
16885,250000000.14
16886,250000000.14
16887,250000000.14
16908,250000000.14
16918,250000000.14
16924,250000000.14
16929,250000000.14
16935,250000000.14
16937,250000000.14
16953,250000000.14
16961,250000000.14
16964,250000000.14
16981,250000000.14
16988,250000000.14
16989,250000000.14
16993,250000000.14
16996,250000000.14
17009,250000000.14
17010,250000000.14
17019,250000000.14
17033,250000000.14
17044,250000000.14
17045,250000000.14
17057,250000000.14
17058,250000000.14
17062,250000000.14
17064,250000000.14
17073,250000000.14
17077,250000000.14
17090,250000000.14
17091,250000000.14
17101,250000000.14
17107,250000000.14
17113,250000000.14
17114,250000000.14
17118,250000000.14
17124,250000000.14
17133,250000000.14
17137,250000000.14
17140,250000000.14
17155,250000000.14
17163,250000000.14
17172,250000000.14
17178,250000000.14
17180,250000000.14
17187,250000000.14
17191,250000000.14
17199,250000000.14
17205,250000000.14
17212,250000000.14
17214,250000000.14
17221,250000000.14
17224,250000000.14
17234,250000000.14
17236,250000000.14
17240,250000000.14
17256,250000000.14
17266,250000000.14
17270,250000000.14
17271,250000000.14
17273,250000000.14
17274,250000000.14
17276,250000000.14
17290,250000000.14
17300,250000000.14
17305,250000000.14
17309,250000000.14
17312,250000000.14
17316,250000000.14
17323,250000000.14
17324,250000000.14
17331,250000000.14
17336,250000000.14
17337,250000000.14
17339,250000000.14
17343,250000000.14
17344,250000000.14
17354,250000000.14
17362,250000000.14
17363,250000000.14
17371,250000000.14
17379,250000000.14
17383,250000000.14
17385,250000000.14
17386,250000000.14
17387,250000000.14
17396,250000000.14
17401,250000000.14
17411,250000000.14
17431,250000000.14
17435,250000000.14
17438,250000000.14
17440,250000000.14
17442,250000000.14
17445,250000000.14
17446,250000000.14
17449,250000000.14
17451,250000000.14
17452,250000000.14
17456,250000000.14
17460,250000000.14
17465,250000000.14
17471,250000000.14
17482,250000000.14
17485,250000000.14
17486,250000000.14
17490,250000000.14
17491,250000000.14
17493,250000000.14
17495,250000000.14
17499,250000000.14
17525,250000000.14
17526,250000000.14
17531,250000000.14
17540,250000000.14
17542,250000000.14
17543,250000000.14
17547,250000000.14
17548,250000000.14
17550,250000000.14
17558,250000000.14
17562,250000000.14
17565,250000000.14
17579,250000000.14
17581,250000000.14
17584,250000000.14
17601,250000000.14
17602,250000000.14
17603,250000000.14
17605,250000000.14
17616,250000000.14
17619,250000000.14
17633,250000000.14
17636,250000000.14
17642,250000000.14
17651,250000000.14
17654,250000000.14
17659,250000000.14
17661,250000000.14
17670,250000000.14
17679,250000000.14
17681,250000000.14
17686,250000000.14
17688,250000000.14
17695,250000000.14
17706,250000000.14
17711,250000000.14
17713,250000000.14
17717,250000000.14
17721,250000000.14
17724,250000000.14
17728,250000000.14
17730,250000000.14
17733,250000000.14
17737,250000000.14
17738,250000000.14
17740,250000000.14
17742,250000000.14
17749,250000000.14
17750,250000000.14
17751,250000000.14
17753,250000000.14
17755,250000000.14
17759,250000000.14
17764,250000000.14
17767,250000000.14
17771,250000000.14
17772,250000000.14
17778,250000000.14
17781,250000000.14
17786,250000000.14
17788,250000000.14
17796,250000000.14
17800,250000000.14
17803,250000000.14
17806,250000000.14
17808,250000000.14
17814,250000000.14
17823,250000000.14
17832,250000000.14
17836,250000000.14
17845,250000000.14
17846,250000000.14
17852,250000000.14
17868,250000000.14
17876,250000000.14
17884,250000000.14
17889,250000000.14
17897,250000000.14
17898,250000000.14
17899,250000000.14
17906,250000000.14
17917,250000000.14
17918,250000000.14
17922,250000000.14
17932,250000000.14
17934,250000000.14
17939,250000000.14
17940,250000000.14
17953,250000000.14
17955,250000000.14
17962,250000000.14
17967,250000000.14
17974,250000000.14